{
  "ROUGE-1": {
    "Recall": 0.34033498759453307,
    "Precision": 0.23467026094600427,
    "F1": 0.25583494977630017
  },
  "ROUGE-2": {
    "Recall": 0.09853666359580882,
    "Precision": 0.05524179209263322,
    "F1": 0.06317640654659339
  },
  "ROUGE-L": {
    "Recall": 0.2839090752937047,
    "Precision": 0.15324813067172482,
    "F1": 0.16872488249587725
  },
  "BLEU": 0.027786651498325418,
  "BERTScore": {
    "Precision": 0.7479509115219116,
    "Recall": 0.7638047933578491,
    "F1": 0.7551798224449158
  }
}