{
  "ROUGE-1": {
    "Recall": 0.5515114923823614,
    "Precision": 0.3623795674571823,
    "F1": 0.4132588300311643
  },
  "ROUGE-2": {
    "Recall": 0.34628957824420226,
    "Precision": 0.22573542237624955,
    "F1": 0.25327360906144214
  },
  "ROUGE-L": {
    "Recall": 0.46934657795039675,
    "Precision": 0.30977573453129365,
    "F1": 0.3406083794053593
  },
  "BLEU": 0.18537565191214359,
  "BERTScore": {
    "Precision": 0.7849120497703552,
    "Recall": 0.8332972526550293,
    "F1": 0.807364284992218
  }
}