{
  "ROUGE-1": {
    "Recall": 0.44865754569455263,
    "Precision": 0.1635425705509388,
    "F1": 0.19192297226648825
  },
  "ROUGE-2": {
    "Recall": 0.15242364066420927,
    "Precision": 0.03009729234733714,
    "F1": 0.04623878755721496
  },
  "ROUGE-L": {
    "Recall": 0.34200547118087626,
    "Precision": 0.09836342130499454,
    "F1": 0.10360403097508687
  },
  "BLEU": 0.01795713459801304,
  "BERTScore": {
    "Precision": 0.7038937211036682,
    "Recall": 0.7615352869033813,
    "F1": 0.7302941679954529
  }
}