{
  "ROUGE-1": {
    "Recall": 0.5712705813605653,
    "Precision": 0.36829414213021266,
    "F1": 0.42285317519557
  },
  "ROUGE-2": {
    "Recall": 0.3737221208405743,
    "Precision": 0.21726064750077026,
    "F1": 0.2577101896392491
  },
  "ROUGE-L": {
    "Recall": 0.48120087661411814,
    "Precision": 0.26600631078212067,
    "F1": 0.3122811313871386
  },
  "BLEU": 0.1622868007431152,
  "BERTScore": {
    "Precision": 0.7932055592536926,
    "Recall": 0.8394083380699158,
    "F1": 0.8145322203636169
  }
}