{
  "ROUGE-1": {
    "Recall": 0.5206978787756729,
    "Precision": 0.3470917291615207,
    "F1": 0.39339792128385015
  },
  "ROUGE-2": {
    "Recall": 0.3169007511750808,
    "Precision": 0.21005672542779508,
    "F1": 0.23431264237330518
  },
  "ROUGE-L": {
    "Recall": 0.44109044475948656,
    "Precision": 0.2914672616246077,
    "F1": 0.31911413109519393
  },
  "BLEU": 0.17079109422048425,
  "BERTScore": {
    "Precision": 0.777977466583252,
    "Recall": 0.8233575224876404,
    "F1": 0.799174964427948
  }
}