{
  "ROUGE-1": {
    "Recall": 0.6249316660423364,
    "Precision": 0.4585786444648464,
    "F1": 0.49362743217045735
  },
  "ROUGE-2": {
    "Recall": 0.47288228395938586,
    "Precision": 0.3459876569721905,
    "F1": 0.36680957109941514
  },
  "ROUGE-L": {
    "Recall": 0.5536737982562636,
    "Precision": 0.40046928484705285,
    "F1": 0.41585518326168597
  },
  "BLEU": 0.2810553222085398,
  "BERTScore": {
    "Precision": 0.8164018392562866,
    "Recall": 0.857492983341217,
    "F1": 0.8350584506988525
  }
}