{
  "ROUGE-1": {
    "Recall": 0.3335412082204668,
    "Precision": 0.3440275454943301,
    "F1": 0.3192523852895474
  },
  "ROUGE-2": {
    "Recall": 0.13302977425931165,
    "Precision": 0.13915755623484005,
    "F1": 0.12658033087127943
  },
  "ROUGE-L": {
    "Recall": 0.2656110281970873,
    "Precision": 0.26550854863377626,
    "F1": 0.2376940418490674
  },
  "BLEU": 0.07100728110130869,
  "BERTScore": {
    "Precision": 0.7652127742767334,
    "Recall": 0.7631637454032898,
    "F1": 0.7634953856468201
  }
}