{
  "ROUGE-1": {
    "Recall": 0.6185781157892998,
    "Precision": 0.45742294798321353,
    "F1": 0.4909593468773717
  },
  "ROUGE-2": {
    "Recall": 0.46023590892366356,
    "Precision": 0.34301907623570443,
    "F1": 0.3617605443862731
  },
  "ROUGE-L": {
    "Recall": 0.5442177895410102,
    "Precision": 0.39813469466402096,
    "F1": 0.4127639907425688
  },
  "BLEU": 0.27923758339977617,
  "BERTScore": {
    "Precision": 0.8142117261886597,
    "Recall": 0.8546187877655029,
    "F1": 0.8326146602630615
  }
}