{
  "ROUGE-1": {
    "Recall": 0.3835452759856945,
    "Precision": 0.2003456340693422,
    "F1": 0.24488018605574857
  },
  "ROUGE-2": {
    "Recall": 0.11206219466730358,
    "Precision": 0.05692782551782737,
    "F1": 0.06774651467528177
  },
  "ROUGE-L": {
    "Recall": 0.2885017391164207,
    "Precision": 0.14763837378093603,
    "F1": 0.1720810479841613
  },
  "BLEU": 0.035577971959546636,
  "BERTScore": {
    "Precision": 0.7260754108428955,
    "Recall": 0.773012101650238,
    "F1": 0.7482609748840332
  }
}