{
  "comparison_date": "2026-01-06",
  "methods": [
    {
      "method_name": "CoKG-RAG-Full",
      "total_samples": 600,
      "comprehensive_score": 0.5671733576273776,
      "article_accuracy": 0.31833333333333336,
      "article_precision": 0.29710185185185184,
      "article_recall": 0.2672222222222222,
      "concept_precision": 0.803436507936508,
      "concept_recall": 0.8247956349206349,
      "concept_f1": 0.7822179291296938,
      "length_ratio": 1.660476713401502,
      "length_score": 0.8596666666666668,
      "structure_rate": 0.16666666666666666,
      "rouge1_f1": 0.4355332987562422,
      "rouge2_f1": 0.26071471046109285,
      "rougel_f1": 0.33241312221802677,
      "bleu": 0.15768504007094128,
      "bertscore_f1": 0.7434366941452026
    },
    {
      "method_name": "Ablation-Retrieval-Only",
      "total_samples": 600,
      "comprehensive_score": 0.5733127735832519,
      "article_accuracy": 0.33166666666666667,
      "article_precision": 0.30493055555555554,
      "article_recall": 0.2786111111111111,
      "concept_precision": 0.7988960437710437,
      "concept_recall": 0.8221884920634921,
      "concept_f1": 0.7797666010460129,
      "length_ratio": 1.5818264200744863,
      "length_score": 0.8658333333333333,
      "structure_rate": 0.165,
      "rouge1_f1": 0.43726272780428116,
      "rouge2_f1": 0.2632368145344152,
      "rougel_f1": 0.33549459936114656,
      "bleu": 0.16036791267842748,
      "bertscore_f1": 0.7435103058815002
    },
    {
      "method_name": "Ablation-Intrinsic-Only",
      "total_samples": 600,
      "comprehensive_score": 0.5645759448597027,
      "article_accuracy": 0.3233333333333333,
      "article_precision": 0.29843650793650794,
      "article_recall": 0.2747222222222222,
      "concept_precision": 0.7857546897546898,
      "concept_recall": 0.8171607142857144,
      "concept_f1": 0.7689406019247351,
      "length_ratio": 1.7503342918436218,
      "length_score": 0.8596666666666666,
      "structure_rate": 0.17333333333333334,
      "rouge1_f1": 0.4307143286994173,
      "rouge2_f1": 0.25558738184866464,
      "rougel_f1": 0.3262709761561559,
      "bleu": 0.15169215650760284,
      "bertscore_f1": 0.7421603798866272
    },
    {
      "method_name": "Ablation-Fixed-TopK",
      "total_samples": 600,
      "comprehensive_score": 0.5678559199217182,
      "article_accuracy": 0.3233333333333333,
      "article_precision": 0.2991666666666667,
      "article_recall": 0.275,
      "concept_precision": 0.7964984922484922,
      "concept_recall": 0.814547619047619,
      "concept_f1": 0.7752619749531514,
      "length_ratio": 1.7089909715533524,
      "length_score": 0.8648333333333333,
      "structure_rate": 0.18,
      "rouge1_f1": 0.43186076036278553,
      "rouge2_f1": 0.256733086838513,
      "rougel_f1": 0.3297732743577272,
      "bleu": 0.1555180679972715,
      "bertscore_f1": 0.7410276532173157
    }
  ],
  "best_methods": {
    "comprehensive": "Ablation-Retrieval-Only",
    "article_accuracy": "Ablation-Retrieval-Only",
    "concept_f1": "CoKG-RAG-Full",
    "rougel_f1": "Ablation-Retrieval-Only"
  }
}