{
  "comparison_date": "2026-01-06",
  "methods": [
    {
      "method_name": "CoKG-RAG-Full",
      "total_samples": 200,
      "comprehensive_score": 0.6859959164574676,
      "article_accuracy": 0.575,
      "article_precision": 0.5102281746031746,
      "article_recall": 0.5530952380952381,
      "concept_precision": 0.7896046592296591,
      "concept_recall": 0.8146401237651238,
      "concept_f1": 0.7762464208254017,
      "length_ratio": 2.1360740297671788,
      "length_score": 0.9075,
      "structure_rate": 0.485,
      "rouge1_f1": 0.4937587746219424,
      "rouge2_f1": 0.36712280415622706,
      "rougel_f1": 0.41621990209847143,
      "bleu": 0.282516899473446,
      "bertscore_f1": 0.7706281542778015
    },
    {
      "method_name": "Ablation-Retrieval-Only",
      "total_samples": 200,
      "comprehensive_score": 0.6711450700500151,
      "article_accuracy": 0.54,
      "article_precision": 0.49021428571428566,
      "article_recall": 0.5054761904761905,
      "concept_precision": 0.7921732572982572,
      "concept_recall": 0.8059239232989234,
      "concept_f1": 0.7759841695822313,
      "length_ratio": 2.112965746587907,
      "length_score": 0.9055,
      "structure_rate": 0.51,
      "rouge1_f1": 0.4888886162687849,
      "rouge2_f1": 0.3595733603260311,
      "rougel_f1": 0.41249819175345637,
      "bleu": 0.28048573028198837,
      "bertscore_f1": 0.7687642574310303
    },
    {
      "method_name": "Ablation-Intrinsic-Only",
      "total_samples": 200,
      "comprehensive_score": 0.6764528881835913,
      "article_accuracy": 0.565,
      "article_precision": 0.4997083333333333,
      "article_recall": 0.5333928571428571,
      "concept_precision": 0.7707033346555405,
      "concept_recall": 0.8071010101010101,
      "concept_f1": 0.7666038119090359,
      "length_ratio": 2.1582866817775477,
      "length_score": 0.897,
      "structure_rate": 0.5,
      "rouge1_f1": 0.4861562902308021,
      "rouge2_f1": 0.3596657836892669,
      "rougel_f1": 0.41071744610880456,
      "bleu": 0.27692655701258767,
      "bertscore_f1": 0.7675939798355103
    },
    {
      "method_name": "Ablation-Fixed-TopK",
      "total_samples": 200,
      "comprehensive_score": 0.6893299688873367,
      "article_accuracy": 0.58,
      "article_precision": 0.5111544566544566,
      "article_recall": 0.5454761904761906,
      "concept_precision": 0.7909020562770563,
      "concept_recall": 0.8104180957930959,
      "concept_f1": 0.7794650554020893,
      "length_ratio": 2.214916134789013,
      "length_score": 0.91,
      "structure_rate": 0.49,
      "rouge1_f1": 0.48950012855470604,
      "rouge2_f1": 0.3639644013723622,
      "rougel_f1": 0.41490452266709843,
      "bleu": 0.2820851092198202,
      "bertscore_f1": 0.7690410614013672
    },
    {
      "method_name": "Ablation-Flat-KG",
      "total_samples": 200,
      "comprehensive_score": 0.6952329188414534,
      "article_accuracy": 0.6,
      "article_precision": 0.5094226190476191,
      "article_recall": 0.5596428571428571,
      "concept_precision": 0.7923460910005028,
      "concept_recall": 0.8099914391164391,
      "concept_f1": 0.7742911048294495,
      "length_ratio": 2.156686980346545,
      "length_score": 0.909,
      "structure_rate": 0.475,
      "rouge1_f1": 0.48871100258241684,
      "rouge2_f1": 0.36115364103960224,
      "rougel_f1": 0.41145587392618516,
      "bleu": 0.2775482015479618,
      "bertscore_f1": 0.7690010070800781
    }
  ],
  "best_methods": {
    "comprehensive": "Ablation-Flat-KG",
    "article_accuracy": "Ablation-Flat-KG",
    "concept_f1": "Ablation-Fixed-TopK",
    "rougel_f1": "CoKG-RAG-Full"
  }
}