{
  "ROUGE-1": {
    "Recall": 0.4219413384446511,
    "Precision": 0.4100377494885718,
    "F1": 0.40243216818101946
  },
  "ROUGE-2": {
    "Recall": 0.20436939830514722,
    "Precision": 0.19799747000174187,
    "F1": 0.1912781070747574
  },
  "ROUGE-L": {
    "Recall": 0.33479924719120224,
    "Precision": 0.3057351064944703,
    "F1": 0.2994289998292578
  },
  "BLEU": 0.11716019825671864,
  "BERTScore": {
    "Precision": 0.7989035248756409,
    "Recall": 0.7988653779029846,
    "F1": 0.7983081936836243
  }
}