{
  "ROUGE-1": {
    "Recall": 0.45701865318494905,
    "Precision": 0.4996522299492514,
    "F1": 0.429295790737652
  },
  "ROUGE-2": {
    "Recall": 0.27375308970080814,
    "Precision": 0.314977570319514,
    "F1": 0.254975950975523
  },
  "ROUGE-L": {
    "Recall": 0.35824791014861623,
    "Precision": 0.42845378417701036,
    "F1": 0.3285908625827854
  },
  "BLEU": 0.15401568059872336,
  "BERTScore": {
    "Precision": 0.812500536441803,
    "Recall": 0.8052157759666443,
    "F1": 0.807008683681488
  }
}