{
  "ROUGE-1": {
    "Recall": 0.4427878130604557,
    "Precision": 0.2862565190413547,
    "F1": 0.33621859266841636
  },
  "ROUGE-2": {
    "Recall": 0.18428740041429054,
    "Precision": 0.10088547392876186,
    "F1": 0.12454693743247747
  },
  "ROUGE-L": {
    "Recall": 0.3657193105184939,
    "Precision": 0.16908631291550122,
    "F1": 0.21861288373970156
  },
  "BLEU": 0.06377886275925645,
  "BERTScore": {
    "Precision": 0.7742267847061157,
    "Recall": 0.8000934720039368,
    "F1": 0.7864524722099304
  }
}