{
  "ROUGE-1": {
    "Recall": 0.46194227073632615,
    "Precision": 0.5034887752921468,
    "F1": 0.43477984070837083
  },
  "ROUGE-2": {
    "Recall": 0.27898368530824486,
    "Precision": 0.31769362099854986,
    "F1": 0.25971235312813423
  },
  "ROUGE-L": {
    "Recall": 0.36238819394889515,
    "Precision": 0.42768859810329607,
    "F1": 0.33140692200353394
  },
  "BLEU": 0.15804916463284135,
  "BERTScore": {
    "Precision": 0.815015971660614,
    "Recall": 0.8072359561920166,
    "F1": 0.8093742728233337
  }
}