{
  "ROUGE-1": {
    "Recall": 0.578362458201159,
    "Precision": 0.36010752130905455,
    "F1": 0.42244933595960904
  },
  "ROUGE-2": {
    "Recall": 0.31792412893874733,
    "Precision": 0.19781585560331588,
    "F1": 0.2293420892380676
  },
  "ROUGE-L": {
    "Recall": 0.4535521198200813,
    "Precision": 0.27840253609918636,
    "F1": 0.3185318839929362
  },
  "BLEU": 0.15012661125907154,
  "BERTScore": {
    "Precision": 0.7901701331138611,
    "Recall": 0.8450517058372498,
    "F1": 0.815844714641571
  }
}