{
  "ROUGE-1": {
    "Recall": 0.5768658072433298,
    "Precision": 0.3537099903838712,
    "F1": 0.4189198398303222
  },
  "ROUGE-2": {
    "Recall": 0.3078203814063634,
    "Precision": 0.191763183648896,
    "F1": 0.22231904953715453
  },
  "ROUGE-L": {
    "Recall": 0.4508031345684363,
    "Precision": 0.2753573328733814,
    "F1": 0.3180014284760492
  },
  "BLEU": 0.14565565079060144,
  "BERTScore": {
    "Precision": 0.7909980416297913,
    "Recall": 0.8487511873245239,
    "F1": 0.8180710673332214
  }
}