{
  "ROUGE-1": {
    "Recall": 0.5222113351860617,
    "Precision": 0.18491973962404515,
    "F1": 0.2316943231365994
  },
  "ROUGE-2": {
    "Recall": 0.18471765214030422,
    "Precision": 0.039974102619157306,
    "F1": 0.06368408071651252
  },
  "ROUGE-L": {
    "Recall": 0.3734156501445446,
    "Precision": 0.1037258271889321,
    "F1": 0.11938106100192812
  },
  "BLEU": 0.022075354973400355,
  "BERTScore": {
    "Precision": 0.7192514538764954,
    "Recall": 0.7818860411643982,
    "F1": 0.7482358813285828
  }
}