{
  "ROUGE-1": {
    "Recall": 0.5566160799517468,
    "Precision": 0.3369802622032918,
    "F1": 0.4011291196507956
  },
  "ROUGE-2": {
    "Recall": 0.2913054682796647,
    "Precision": 0.16848152616210596,
    "F1": 0.20042524867382364
  },
  "ROUGE-L": {
    "Recall": 0.42537817034640446,
    "Precision": 0.21825167316329086,
    "F1": 0.26850183208707523
  },
  "BLEU": 0.11731426499423951,
  "BERTScore": {
    "Precision": 0.7855741381645203,
    "Recall": 0.8368440866470337,
    "F1": 0.8097009062767029
  }
}