{
  "ROUGE-1": {
    "Recall": 0.5006164249056663,
    "Precision": 0.25500769025569864,
    "F1": 0.3216816400176442
  },
  "ROUGE-2": {
    "Recall": 0.19492937078267147,
    "Precision": 0.09794681080918306,
    "F1": 0.12208899570227501
  },
  "ROUGE-L": {
    "Recall": 0.35316612527677244,
    "Precision": 0.1750167168407864,
    "F1": 0.2161530647118017
  },
  "BLEU": 0.06505907761428466,
  "BERTScore": {
    "Precision": 0.757752001285553,
    "Recall": 0.814047634601593,
    "F1": 0.7843121886253357
  }
}